{"cameraMode":{"drawMode":0,"name":"Shaded","section":"Shading Mode"},"sceneLighting":false,"audioPlay":false,"sceneViewState":{"showFog":true,"showMaterialUpdate":true,"showSkybox":true,"showFlares":true,"showImageEffects":true,"showParticleSystems":true},"in2DMode":false,"pivot":{"x":20.828447341918947,"y":8.121500015258789,"z":9.133072853088379},"rotation":{"x":0.14303188025951386,"y":-0.5549027919769287,"z":0.09754015505313873,"w":0.8137139678001404},"size":4.936641216278076,"orthographic":false}