{"cameraMode":{"drawMode":0,"name":"Shaded","section":"Shading Mode"},"sceneLighting":false,"audioPlay":false,"sceneViewState":{"showFog":true,"showMaterialUpdate":true,"showSkybox":true,"showFlares":true,"showImageEffects":true,"showParticleSystems":true},"in2DMode":false,"pivot":{"x":-1.9121382236480713,"y":-1.5362149477005005,"z":3.793647527694702},"rotation":{"x":0.26593875885009768,"y":-0.1865251064300537,"z":0.05250390246510506,"w":0.9443395733833313},"size":9.225306510925293,"orthographic":false}