{"cameraMode":{"drawMode":0,"name":"Shaded","section":"Shading Mode"},"sceneLighting":false,"audioPlay":false,"sceneViewState":{"showFog":true,"showMaterialUpdate":true,"showSkybox":true,"showFlares":true,"showImageEffects":true,"showParticleSystems":true},"in2DMode":false,"pivot":{"x":1.3646491765975953,"y":1.0919785499572755,"z":9.658782958984375},"rotation":{"x":0.019776811823248864,"y":-0.6317042112350464,"z":0.016093185171484948,"w":0.7748105525970459},"size":4.408451557159424,"orthographic":false}