{"cameraMode":{"drawMode":0,"name":"Shaded","section":"Shading Mode"},"sceneLighting":false,"audioPlay":false,"sceneViewState":{"showFog":true,"showMaterialUpdate":true,"showSkybox":true,"showFlares":true,"showImageEffects":true,"showParticleSystems":true},"in2DMode":false,"pivot":{"x":5.2420973777771,"y":1.5764210224151612,"z":10.828389167785645},"rotation":{"x":0.08808700740337372,"y":-0.45156827569007876,"z":0.04483265057206154,"w":0.8867658376693726},"size":3.8415210247039797,"orthographic":false}